Calories ,Fats (gm),Proteins(g),Iron(mg),Calcium(mg),Sodium(mg),Potassium(mg),Carbohydrates (gm),Fibre (gm),Vitamin D (mcg),Sugars (gm),Food,Disease
160,15,2,0.55,12,7,485,8.5,6.7,0,0.7,"Avoid dieting ,Eat Plently of Foods with Good Nutrients like Barcolloi, Chicken,Honey & Sea Foods",Eating disorder
89,0.3,1.1,0.26,5,1,358,8.5,2.6,0,12,"Fruit and Vegetables,potatoes, bread, rice, pasta & other starchy foods with some milk and dairy foods and meat fish and eggs ",Obesity
349,0.4,14,6.8,190,298,77,8.5,13,0,46,"Roasted Vegetables, Spinach, chard, Berries, dried beans, peas,lentils,Greek yogurt, cottage cheese, eggs, and lean meats",Diabetes
331,24,20,0.84,497,966,363,8.5,0,0,0,"Rich in fruits, Vegetables, low-fat dairy products, whole grains, fish, poultry, beans, seeds, and nuts.",Chronic kidney disease
2,0,0.3,0.02,2,1,50,8.5,0,0,0,"Citrus fruits, including grapefruit, oranges, and lemons,Salmon and other fatty fish, Pumpkin seeds ,Berries.",Hypertension
97,1.4,3.3,0.55,2,253,3.3,8.5,2.7,0,7.7,"Leafy Green Vegetables, Whole Grains, Berries,Avocados, Fatty Fish and Fish Oil, Walnuts, Beans, Dark Chocolate",Heart Condition
93,2.1,5.6,2.63,2,9,272,8.5,11,0,6.3,"Lean Meats, Nuts, Beans, Legumes, Fish, Whole grains, Olive Oil, Low-Fat Dairy Products, Eggs",CVD
